,S01,S02,S03,S04,S05,S06,S07,S08,S09,S10,S11,S12,S13,S14,S15,S16,S17,S18,S19,S20,S21,S22,S23,S24,S25,S26,S27,S28,S29,S30,S31,S32,S33,S34,S35,S36,S37,S38,S39,S40,S41,S42
S01,1853.579397934327,832.4489874609131,721.1918999059874,739.0337235387701,231.63359616084375,3051.3728938406143,1496.9765955660555,1163.497730287064,996.9406281717548,828.0091344506899,3011.0561257080226,5888.642383418212,1644.0102131628457,5236.182123529807,1456.161290302785,1499.5292992457364,1541.6823502235277,1773.2683441538486,2400.399154049677,3295.2390804272395,509.8606697614052,443.27810094226817,235.72120055262434,3265.0597053403408,586.2243770321813,213.48828317164126,5376.719803066781,1935.1811676949853,2083.2302456062334,1141.8005568055878,1713.6485138485568,1336.9867804496812,706.9345707734356,755.8426674376337,588.7384744930102,433.7909144475756,503.28183458491486,598.3878590469153,431.952110602305,283.976242355531,1113.2878823901046,10.520540113755109
S02,627.4613216969153,455.6609217943535,265.8505885481272,268.96629828248246,184.79613878849688,1785.7430148744284,686.8244181045236,521.5208057930688,438.373615283669,465.8149331710758,751.688666043697,1976.1941185425965,608.9745258148761,1544.0024154148982,521.325110191481,974.4410878971789,491.82412468303573,1084.9807221513834,561.1553322313639,1286.5822027127804,226.4770073507265,237.52217555138031,89.63140452837985,1617.2780386318866,247.0931816159242,86.34778172607294,2358.6228313843517,718.5271920539324,593.8365282393747,336.7957743373351,405.64091205537557,662.8476975721359,335.5968281158997,425.65512758481503,198.59763634474558,151.25840899589556,240.06076613642983,279.5368620973325,233.86281999012928,90.3202055344867,372.3758056989979,3.631278902945292
S03,379.6428295479462,329.4282972222614,162.28255387559395,178.09749875478568,118.92037893578153,1283.6211724843752,472.3646250275788,347.7513779639273,261.50566588160694,280.5841198771378,484.5415282213025,1034.1943492700113,340.8263947776583,976.9582300508181,410.73618853886427,423.4975624353808,379.05631976969266,789.4556936586328,541.5711957136417,1090.8537435643173,122.97545384879106,140.54078857062902,43.817836553847656,897.0127411959286,213.89073523223976,42.93300720545472,1508.4533057643694,539.5441003524946,484.30374724477963,213.40398954885373,347.6010543929994,371.62043231899855,235.4188002969101,258.96432674369225,197.66296430639633,96.23342721753004,116.98274343527054,212.78559405509108,154.22785012374712,91.2760950242449,323.0472174210791,2.9037530783632812
S04,608.6310532133504,215.91224885507114,147.37057807678528,136.5673177910259,94.3883971405308,805.7606306757954,443.3397734314447,319.8509765894989,190.2773983566497,214.39839754638788,733.3620624043135,1603.5312160926258,611.902877060658,1727.2756889212974,388.61689043373343,391.40414655070157,221.9445194236766,622.9391171976914,460.7658839354455,822.4913888931447,125.21330402546171,134.400909531064,61.927347014941574,936.4983658940068,167.30436213077357,49.073000552952124,870.9528637680755,438.73119764004696,513.0320943429501,383.4698687678045,331.75277762681975,469.27355642495223,191.06493098866463,185.6351340886871,113.99308642043145,81.53734707239495,197.8791622262775,161.99014490905236,162.77071482314696,55.4896916185184,309.8631678797099,2.754314034184124
S05,303.39619658289314,186.89162100309431,97.6954065428166,121.46024289038722,61.901165924274956,558.3556881435833,194.79526172273546,230.35267182757767,235.9615356682562,184.70085850032262,448.16837235082994,965.784835273795,366.86392311631596,799.6190222524139,219.10844560102888,396.4349713768708,279.47067170186125,514.141960258295,379.43351757809717,450.57541636393665,68.9419932050241,122.37211196011779,45.661607108791785,582.3173814341425,106.13173707451182,53.20644395569818,678.2729446092711,265.4435786332542,389.37684729786724,173.58246865659686,214.8634052166144,252.36312852493506,150.73289494877832,207.40069744653493,95.67067130540772,71.61257900835193,54.470834235458916,127.68433863607599,77.08952165635937,34.066723998603585,143.237127997485,1.5875541280815952
S06,3167.657785688926,1183.3731367800594,966.8068131071078,860.8796516149228,543.9395497272882,7590.468113777345,2477.4836275710877,2412.406088628281,1485.482177616126,1316.897656654817,3748.2748338466727,8187.658758756003,2574.229990506156,5127.6419019911855,2077.532357880259,2901.370718361354,3300.2831182987147,4624.134776277432,2594.7614828729897,4807.348661739276,573.8413901849265,693.462888333794,308.5686738717976,6408.036517153686,839.224430458849,305.8889373298142,4248.513591073158,2673.562357942824,2322.303540117938,1440.3068421257135,1516.071243646341,2188.003122675287,782.6498980128445,977.4959256440292,1145.2725651590065,402.65824014229105,616.0895051229917,1507.0724978542867,1188.9256608993371,294.8338673801075,1375.8241613154007,15.535208960333602
S07,1310.5360415835314,470.2343117076259,332.3862502694444,400.62058224719175,230.14364199751526,2126.7753290980063,791.8399399065386,501.95019700084237,531.011114792457,526.8262241771419,1493.6086414812887,2525.003961022508,989.7263742088063,2864.10827844202,765.3388755523571,1080.3033550624998,808.8226299108447,1222.9798921008276,973.8122822970856,1972.7387162631364,289.3665331319968,405.78430111567866,138.79918720028508,2022.9173336853642,302.838008180878,99.5335935495573,3353.9051865395586,1058.0291214247395,1175.6596421335776,381.5047751739785,792.7922127782601,884.8974612107304,341.5233206735962,455.7530489377748,307.58025103494697,199.3265959469396,270.29796324972284,392.6101891792224,273.78328255439516,144.33785764754901,699.2345035074287,2.644783142251547
S08,831.3758680239068,543.5658618055828,331.7803144823797,287.6021336255893,123.08001923437122,2196.177913319769,981.0220297263472,430.1018238499737,585.9985138561428,465.922746823333,1263.4286178068896,2009.4897159350353,756.2983975165412,2689.351710971858,742.7026429119411,1217.8640776759648,886.0993704625702,1192.21116959113,1375.5873456957179,1808.6226089273323,308.2589403514623,241.1319717404701,95.87315969639593,1448.2313769835946,383.65393841691804,87.68610863366247,2807.175564683766,866.4758412904963,1186.4456462618955,603.9659404801151,817.5288065989596,833.187804555607,269.7365427298448,444.9160288418296,200.45746595976863,158.44981684726534,335.01963947756127,405.08778808065836,222.25719993050365,100.07147417720653,487.31725005164344,3.586923527785426
S09,578.2235757320359,426.86726950974554,295.10210486099277,266.73303767616085,78.66563314410084,1673.232595588448,566.0254323271967,514.1074683102028,505.9920035964776,224.1546326252998,863.1558502861914,2178.2554667967047,424.06614321805205,2115.56563857704,546.5559427189844,809.386407253165,486.19017181629545,975.2224357560636,947.2688361062179,1331.6471277759636,211.87665256404935,206.77508269609643,59.90367175343393,1249.9466126843206,237.61721807580372,94.52569392005961,2229.065369553953,543.4340261946671,717.2454952721154,520.9195099613664,390.4273947053355,464.8267561606194,313.2702010629715,403.38593198054497,200.8313705210637,171.23735069136134,230.61438038685532,321.2382638305649,219.6410234602565,140.77521960087202,355.3012431472471,2.1740295227016655
S10,898.0912620066147,371.607337616466,249.30865386163748,305.4799215178547,100.4585837109598,1203.7536852875764,386.1391827832237,406.6062544056878,423.5246357827855,429.26140475623646,1051.6253816877502,1422.8552320923272,339.7191165708351,1680.982137943895,469.3486346905186,769.434923447095,637.2253559852763,877.4759304870997,915.3787867636776,1354.7499366495,227.88761922989988,171.56547822903875,71.06579440775312,1362.8149504653195,290.4684204869898,82.34105998664873,2088.28407465089,664.5179424639673,731.3190927183699,476.98552375090605,280.7991267067893,419.50647020970445,215.66045650019277,187.36091064085858,176.3205012418456,158.3673285509559,189.01366784307075,290.98608858737686,245.15138833055443,123.76009618945137,371.9803605406518,4.692969031180123
S11,1507.7799216929923,741.5071728095213,468.21329126433415,371.0246635499056,264.7146013052818,3245.9574659090995,1435.7097587361254,1414.750840074504,613.3348501536934,912.4561651178177,1718.3487487656462,4728.279794413823,1338.9320289866168,2294.9577906634045,1337.949406981755,1348.742363600301,1086.775568511238,1461.4457364549435,1503.7367662703878,3061.93589680777,431.66406562841433,463.440466413846,172.12387901987202,3609.1713881974215,506.0632078844463,137.13249106974558,4996.785053248357,1426.8693582626947,1994.2426723150593,959.112069509697,990.0123910564741,1319.2270586021434,927.8712643638278,1082.7953777706314,450.341163524581,309.4912158913504,530.3686485046671,506.4044332281698,467.511463033204,211.83394009100047,872.8774712913863,6.7012515863540525
S12,2179.5494933085465,1125.3670350641512,890.5978748670753,1033.302285626217,654.0093655655228,10469.933763159263,3260.206791461218,1834.5771123960737,1956.7579603087158,1677.2702711567729,4417.073140585949,9665.796048848048,3335.1645087944025,7284.723847482063,2953.770960151842,2555.394083674877,2629.361044317263,6019.252559767457,3900.8170255778255,7832.701422740477,986.0491991444128,1047.5842812823819,342.49073019036814,5952.15129456061,989.8350267749348,456.19723081532925,7374.056674046427,3737.3953761866646,4283.611478108327,2063.605828321296,2068.7037569376807,2903.327711270712,1351.6176999308577,1960.0974691731337,607.535700246329,603.8043022520106,566.9056081222226,922.1351412579796,1204.0769332292118,541.8682980385645,1517.5893183904602,12.140782368154236
S13,593.6627018404505,636.657467247803,632.4524829462415,459.4916398645609,229.25812192091348,3064.7622354013115,682.2895723931473,793.9022864343916,693.3260913278332,666.7802653811507,2015.4675275317147,3701.8852511899745,1250.0929426761588,2504.0431578072908,1067.4853216387419,1631.454910099545,786.4323624929616,1226.3347380671014,1758.2142202696652,2175.4531233527496,460.82157650101936,317.87769150186443,166.18084197179564,2349.8984394510544,458.2252983673252,204.9213784376696,3063.47249276211,994.8846563368531,1190.4739795837113,779.0368441039734,560.0217315294356,1115.0913816073187,477.58990119071535,754.3623674387986,185.64306389655187,202.66548877935253,231.9503647960423,408.0234613338574,368.92843041846044,164.64763666070996,625.2949493021833,6.243819743247674
S14,2756.184943887119,1271.9383734901483,1084.9719391052743,1067.9000989066096,620.170440367374,6950.668066203608,2343.8829553711075,2649.1889314328437,1489.953364281351,1420.436106781381,3296.7609510840807,6130.125319198949,1847.48482743234,5325.885339813117,1990.1237580466725,2928.4013369867475,2198.793255175749,2816.726439751363,3652.2405047851516,5791.830453526059,776.9496617837248,676.3276817240491,318.6206797491517,5299.392485712405,690.4295133033187,343.4142940623424,7752.431150192997,2241.843543347694,3027.9458839575445,1129.8893239202357,2304.75313321098,2756.678121710314,1133.6693524534433,1468.0009838010408,411.6071559737844,412.3918270646508,734.8498411457381,856.5164490262018,896.1251907630542,533.0788272179143,1123.4937651043408,11.976013955937702
S15,1012.8087759913151,769.4140190559528,262.2964717231563,361.5269639495373,286.9067871077535,1529.645373125165,601.0674562577024,629.3889370269492,496.1427558864171,642.5409840961767,1486.2074145122385,1819.7541469476694,990.9212356583436,2092.3695765192883,925.1667706127402,876.6497837925044,693.6969251698384,1346.1580939900814,1302.831651618244,2007.9128432669218,194.2999486610335,314.67790319618655,83.17148138848157,1953.0770231981708,253.88857699694483,138.49954212187407,2256.326649330217,742.2937627536157,1217.508134358954,610.1223489444677,582.6649098152712,1039.534835480624,397.6281934336835,503.0175462827812,305.8035919705649,171.64242207853226,312.000481085525,355.7151465735801,262.78913776467954,177.03133176127358,424.91783634130024,2.718560378407347
S16,1711.0000224472105,1167.7772046369937,426.8222132409448,282.2568657670613,263.8852959575348,2881.0880179182177,1040.0889750432914,715.1223635278831,826.7974886813441,817.0286394378664,1329.7980322386086,4302.342300061108,1695.2322652866462,3273.7309281412845,919.7993699025518,1303.0937197947717,1194.343651450034,1062.599408669465,1561.9881488388094,2272.848435914781,537.0732106762306,366.85613859007225,187.09283445271618,1944.6482341527285,530.6713474521088,180.9760496556904,2973.714143574467,1383.1375773743891,1771.0321575483088,728.2100011813578,587.9383190030433,1074.125973717232,478.0958831058576,622.8942565764279,381.9089760576874,172.7031540002981,258.2054187068877,584.1012484963207,343.0659138917999,93.06064015863431,830.575525317533,7.411821659995558
S17,933.2538568322841,482.46789097119125,456.0745950680237,414.6900024143634,349.49791225478344,2787.0825545763496,980.0994476765566,748.1357260831346,725.1525583179862,699.8754719180249,1995.132919744779,2844.389115029705,923.048847969957,2407.466974033199,961.0469802521006,1466.4629888489224,812.5954533870068,1251.041011128217,1352.1798224428744,1972.1601114453892,392.73139436038656,175.76155552610783,98.51353641446086,1770.9441045268507,214.11735352999958,115.53044354666308,2473.8445133859022,1078.5572733004462,1466.083300409066,622.9536270778642,593.4864244015802,896.5116504824334,593.7886420818692,452.74847277690276,267.1438286481317,245.15468908643751,306.7096256577617,506.22876227669457,321.4357466215184,178.55645985022778,478.9278104672647,5.899104929641949
S18,1610.349311946701,765.4600402885359,414.73074385212334,680.6477114864621,339.86880872609385,3158.506786804819,1377.5688138255007,1464.837393002368,523.4923429984215,673.1142728278958,2009.2638811173924,6336.701116211612,1649.6109402409986,4742.657744096153,989.2073265655902,1352.2663741095535,1505.36592721243,2135.8637762476505,2180.28403286201,3082.6819470341065,537.8017311650992,509.4194581845422,210.6148962057397,3765.353841575593,417.08072286307697,121.6696966141722,5612.892264798069,2147.5592039422136,1473.7844139371653,635.294874053038,1177.3605700498097,1661.0764192064594,1030.39393439876,958.4169032595331,466.89048402854183,279.7060504484516,496.7236215679093,650.6834374662668,396.68361375069276,340.87773095661026,1265.6343505126763,11.20644967358435
S19,1252.5718831282923,1081.615970561903,621.5603634602134,595.0078034670215,417.24385831260304,4086.5426960583186,1472.5753896320323,1230.540806112777,938.967914994197,564.3626986832002,2287.932576571923,3980.0875980689384,1060.9190779584176,5017.973654064611,1574.9045354428906,2023.8035241776954,1326.160449048036,2448.9139709576953,1798.5410003984505,3043.6603915369333,363.5112667622384,486.76771334368584,168.46068073033078,2189.422339475416,557.6645106125166,198.60648990905986,5805.613811581655,1868.2107448830573,1694.9924311186528,969.7678770930911,1063.6549211163274,1226.9784116041214,542.3142234650923,769.3787682881513,391.89382708004865,233.22310590889393,498.86733870731837,681.5229560908919,292.11877816656306,215.40356808350617,1021.3474246738964,10.106065729580509
S20,3207.2475553766044,1613.4805155673298,793.7456451102221,742.1278926321597,618.4874483622049,6761.448730496854,2795.8443502844075,2308.158778004219,1483.3969943995774,1142.2827478490763,3651.580594069732,8099.524275025389,2371.677042083915,5756.321623906682,2131.0025662991297,2480.1441899071087,1912.323630251111,3550.197142392921,2859.9367529496726,5317.563753713686,850.51803713867,603.5366928743116,260.7451076462157,6607.805386444979,749.6368255131324,201.73592501252025,4645.703378402179,2762.9513288057756,2949.4023510614275,1563.5914963052103,2271.297353848406,1108.3617082188011,1294.740183050452,1804.570241853979,618.3338117847662,498.1029389992075,666.3656205647821,899.6099863064039,736.4710303057277,492.0341374463206,2018.857816059346,13.483772581340492
S21,537.1466024689499,235.6602272330982,188.56735191183878,135.8947083275109,86.78255701411456,985.6755583335748,487.43663780566925,323.59279083467777,191.1928295620089,265.32826207618916,528.8211458611556,1023.3643298867371,426.8721090407847,957.1673314095605,312.97749875719245,404.2405202351769,341.1625329477428,529.964039714236,278.45094432254683,839.7926871944308,94.71680403625416,81.28900596626721,41.67483121629302,762.6679329556328,122.93881381712643,59.626897645176875,791.4259035425381,368.80272154120127,378.3033465531733,231.84923808093433,281.9942315784103,258.67468678524233,200.74619791093045,203.51345522272683,72.53737351388273,47.92299512651453,114.37422433313763,153.04606751686518,112.7702124218152,55.62846103340961,225.5062932146075,2.513059910404069
S22,272.948804535413,161.63739887053794,98.41523397865535,132.1628057852547,95.29802967998562,757.2588404259574,146.59748505433657,164.46189557198105,167.45061691007288,178.16268683867833,472.3426000569599,1031.4959758444063,305.60031459814587,1038.3977384666093,231.3182488270703,300.9840723527261,316.0232909671921,305.3526902141146,442.06948614158864,682.289630837246,103.20945823512385,135.82001694189955,33.311334603127364,955.6177656521128,122.97842502983917,34.34927085875316,989.7329576701973,284.265279704658,328.424969078354,227.9217967682779,267.76814004145984,255.94136365933886,189.44995561053426,223.3158610315198,135.53120767325018,78.61001072341143,131.65892546305378,90.1270633717238,97.29067957484051,41.72139787051528,199.32406571461703,1.6882964251781467
S23,160.3058037664069,137.30748676228887,57.49486474861077,63.92134874556985,34.37705469957476,397.5157628739074,138.70132708798548,128.45230222318105,117.06407461521928,125.96936117969199,258.08172511695113,540.6767555357198,118.55167824013847,398.40688567457477,150.15346888865542,201.61737183327196,142.03695583219428,245.14900347799585,212.79500016094116,391.73843636106545,53.15616948523353,45.23912791656894,19.1841061171225,159.88325966023143,65.51062873800315,10.898537584751082,302.227373614796,186.6212890530013,200.08439782888726,76.5753558193949,97.6507509266173,175.97844894950094,67.51631178406231,124.11667201951646,49.72879546743342,36.327891792044404,64.6865258456566,70.05157468003596,39.24988552097363,23.325387917628287,91.33202493577411,0.6548233618888109
S24,2122.7322129479357,1146.1275558508532,951.4289998552958,802.026486080523,458.90206145515873,5171.106341375366,1952.5262076772,1786.682547413185,1024.7985504928233,1012.0755133315631,4003.4557253110343,5987.2996213316555,1488.9798876170764,5957.158170756138,1863.231148919155,1608.81658587929,1922.9433694439347,3222.8252641281833,2810.1900751817493,4800.899762406069,487.54665236552563,700.6225826771013,227.8624487326691,3897.7288818636407,963.9492929096765,381.09475720652296,8455.637337363401,2916.5020686006055,2410.123820425231,1441.071371903381,1771.928258236126,1908.6724914651325,1034.9469893285018,1346.4733075787642,663.2436640098939,387.0609666315952,604.8233661369806,1037.7718897730601,662.7370783895303,343.6627974301501,1407.4233874683891,11.240713653831182
S25,477.23940831043564,268.2855973680596,112.04262651307253,190.16282263686753,81.10312576064612,654.9090989581201,273.9491900811901,234.5243708725892,239.82096226926322,223.90354508500394,566.649982360321,1358.9841393788697,411.16452458823045,1077.9198552124087,341.8623426360188,482.57601660561977,197.0492441489365,482.6398601689468,273.2028292141459,795.4519337316739,125.50413409729016,147.22052231227067,55.616457222037276,831.836633993506,136.90341452040542,59.780234543494785,1031.2609586867516,427.7724419083178,546.657263956517,221.6019067291571,330.5400946441119,392.07827432234774,151.19539371569596,255.92572685135616,141.7458463659655,85.67907346839718,103.56875340569631,141.3309325090801,109.53058002397763,66.09200440738998,186.0152998845583,2.4486636920242604
S26,123.09680369119933,94.50318505380206,60.069312584496814,86.82036365604496,25.798378697135554,500.61254288298056,140.92473664578193,126.00136825458273,95.98506491000813,101.90478310537202,232.6539356040557,616.5927323990824,138.2110499960756,491.22595688291744,108.7386651087248,167.68645677681306,105.73287879699785,224.37910886959668,246.69753212523358,307.17539497254455,47.673661664492684,37.37942439201106,16.940507300224787,215.21191509679966,49.12687934379484,22.504424363841153,575.6692146415056,253.5654060358541,159.22389321772863,126.8254322992744,117.94466397660885,132.2872970087906,80.21764876522928,85.67149759414372,50.21855628732855,30.46322963063448,34.777342351949656,46.605738092664986,54.81958437991929,22.25083438965806,80.02040966939799,0.8910498858475042
S27,3965.591243103905,2132.7089360560094,1066.9494869632983,1516.9689531571719,978.8854779468778,8879.586273891744,3415.3237845632143,3036.7059812381317,2401.8130779333446,2195.3126993727974,5615.086177663911,11017.327779797508,2480.323262397254,9540.921744259755,1900.7767154433927,2982.6231335253533,3545.0185525480633,5018.949542062106,5188.021802525905,6164.434230265976,797.9219285872622,956.673328145342,378.51630207433175,6702.595893776302,1540.354061252351,417.2824076455573,10186.863326210168,2833.476431355558,4108.2143914039825,2060.038341670463,1997.2937940608695,2715.6467861412343,1485.6999438404655,1672.499955846794,1390.2158235767622,679.4182390627986,959.4339262056027,817.7036977455413,831.8265686948857,466.22468774717385,1637.7780016034624,23.720759416505484
S28,1841.0126734877456,1440.4880459169494,691.7536521204396,682.8634422294947,406.5770077482135,4499.402234164879,2137.359836592775,725.5623886357661,653.6785722526181,969.7000630534026,2798.4772837929204,6319.449707395654,1935.4181290168563,4298.314338127578,1746.8402379264967,2379.6743389730073,1622.1732546208991,2851.1404141228077,2346.1453316560483,3219.725584346525,657.4413778940147,571.563828928412,206.45383920526234,4752.951765819447,356.193637535606,179.30401704754155,4038.0852934102136,1822.3608797015409,1990.208240824901,800.181672090001,1049.77815354634,1312.7835897338778,1280.101615350023,1338.2415072822469,524.1429901539431,357.58640507443806,432.22449738064324,484.65499091430183,550.4631894873972,219.17291674417794,1038.2260408003597,7.031361664482245
S29,1471.5349374732514,1075.4994156325224,668.7666236606209,669.7168681203748,277.7776411043344,4800.772071816184,1218.3328398594476,1390.4583500032154,991.891285591022,718.9612479998916,2383.650555286904,5433.885621039042,1810.035522828561,4126.252378284404,1728.659524586584,2161.8870376203204,1353.519418319902,2507.310268640066,2813.5170880772525,4604.396846833388,396.89218253325924,415.43991328582865,244.1144209547442,2639.361439194227,468.5917705663145,206.025663497904,5234.635588607573,1755.3252581781921,1663.457547633866,903.7493276232581,1022.3556693552052,1191.7421551984053,1139.821069202082,950.470222041164,613.2410397201927,317.26064506760514,492.74378722588415,612.7187607580072,256.9941323807776,180.88117540035594,614.3472690660938,5.186877020905971
S30,630.8708659963727,630.9515402731295,294.930584026779,371.3675151342603,195.0756627173441,2264.369707821602,567.8676909363372,651.1765901238168,543.8711910803563,419.11681109219603,1351.14730204015,2692.086138079951,685.3590980929827,1572.3503594428348,482.2714205987291,874.1334487037946,725.9103273693325,876.1375019302623,974.0281141105712,1759.7465168123206,282.3040456955073,319.1021632401664,112.83906377796379,1278.6531203243546,406.70186611236187,97.41164106447039,2787.8920047355614,867.4196084677727,837.9300889316374,318.49799631213045,549.8036053832682,475.2142736093483,446.07254637890543,558.3677453003727,209.09484002323717,178.07704416088086,208.9427387759052,298.41152800116726,283.47643590824697,118.32471353878627,619.9611576707678,4.068953886481614
S31,1510.6021124673289,772.1620765909464,523.7916507674295,408.1474121288133,271.0135163760812,2904.474600800645,875.9578012434811,1013.5499972817195,814.566557760304,804.8065315268129,2412.4599146759183,4736.600851684627,1081.562286614533,3308.7865081937084,839.9139596433602,1310.9079809263085,910.5356876213721,2093.309797885458,1578.275641823046,2293.9295037955503,472.5907023992276,209.25501846120622,81.50863977395483,2814.2933809713854,467.60314645160554,173.7858992551464,2572.7713952639388,1293.4841589751227,1942.3805727637566,882.3866393323713,893.8962882880782,956.5952214040987,522.7784636540069,373.51648063236615,397.1784726654742,298.13373018576806,254.17513919363932,449.7297425511479,286.444799950588,146.11393787087044,705.89165347862,3.9875542281630594
S32,1909.6135776561628,1177.3967067829951,579.7555355357014,305.08309430472406,296.0744938605919,5006.600642321404,710.4339660325542,1125.0155921986964,743.9222535857099,1128.1814799586928,2156.0749771099054,5361.275502414124,1758.0895414343743,5686.818476118861,1243.64984598812,1895.1624425914313,982.5243634018279,2644.209465790717,1685.1460440628543,2876.6539701844076,513.0731381110326,343.38659049986506,192.81179281839508,3914.248039498433,660.6758847452396,152.51703836814005,4613.120947941875,2015.9721557357602,1169.65655230215,803.3291195857623,1372.6142174813835,1493.1279848891945,829.8671361371362,1205.6019204828128,558.0492337499733,389.80763250481573,751.9995550529254,670.1922563373835,423.1521201604606,265.53070202418826,1026.2920994860588,8.26438992629867
S33,764.729845083921,847.6170785557036,368.5103737895635,292.8618220955621,247.91514070164848,2226.204710838391,764.4365658990065,762.1743032607428,409.20926395733005,589.5268017908365,1952.9025592546648,3073.0377100141263,827.6857199484392,2117.906937375024,674.2661065077001,948.0743840019798,732.1509660462062,1432.0391329634997,735.8220794812504,2152.5433809123374,269.86409936550695,304.40562378400205,80.9301920507028,2352.316826069501,441.77003524594113,150.99678122234965,1868.4228344793994,1159.7113232625823,1147.4548807498047,393.69573030846215,658.5801134320021,861.2679056470793,482.7795286589868,515.6316374702044,305.9740049159455,252.7378481192436,353.749201822015,198.37030086521148,267.20187912654217,134.0437857325678,347.28270043744647,5.333182960960643
S34,1109.407623476242,417.99106309204194,340.05241129140165,258.16033629502516,167.06816638631864,2715.802836885676,661.1724020499147,689.4269034803667,318.0422776250671,696.1855310218804,1457.9014342554956,2494.729761610279,919.332525722432,1558.886683723871,836.6324803886906,860.4087215645246,699.7501881673408,1005.1677960571134,916.9113795146451,1926.15985824513,282.77366111180294,294.72520377709225,96.06933336026322,1887.588804788653,298.47771594394715,168.7295241481819,1694.788599523023,1147.3708237439585,1245.2768947641523,443.09349118189726,881.3866796723321,886.6425099916404,477.92035854726316,461.2690075576276,254.7564827192463,172.27822640559762,282.1195135598762,467.8587247972811,272.34134487151357,104.401437014455,573.6554777260009,5.709994339155759
S35,621.728493361608,380.04392060085786,186.62515247469807,159.36176316689674,98.77213979504322,873.6149924591944,481.0654485850692,384.3059054211563,287.0598375643118,157.06920460718246,604.7462176718678,1962.952083373111,442.6990661327396,1441.4773980625596,302.4753763143537,733.7097699477353,438.7763419390291,730.4278525661767,941.2821371069322,1364.9947497146823,156.37916854761048,142.31565713379723,55.71949594870828,1168.2723375418368,197.49992999878026,66.5537231508403,1977.7497430963763,554.4930489447648,884.0248135618663,336.7838366004962,512.3171643836502,490.6459767677817,295.5678154936655,242.90115220202205,136.77186592166535,121.59266859170296,194.09769612645044,228.14122039553203,120.88332694999336,57.55776169882572,217.9270924720491,1.9304054779223287
S36,340.8417104531375,245.80828529938944,119.39295073547947,65.06507770863081,69.75127590771791,762.02672523556,395.4764712868177,168.01652722098993,176.04543722835484,255.61498539858195,532.8529546374165,1082.4638263578004,316.8645517262747,869.5588598975837,293.76141070748946,289.7171947614538,322.2420229277369,303.8412945618668,415.3760317095253,658.1517318693161,88.61575179942083,97.52314547182755,31.657720072431403,505.34303189220054,113.74455589960498,34.163883220245424,987.5918832335193,265.09018748858006,419.69496598918954,153.26625536318997,203.10318955283464,243.11927471469764,190.21601330856436,183.7325254994975,95.83007022249669,74.29865716604773,56.885200045178536,136.12553608511425,138.19602623238987,49.24142093937525,187.5448833981482,2.0102690328053923
S37,597.4139531643818,183.04022123383336,120.6647903014701,187.97345633741904,94.40836411015924,1510.484194561144,396.6175592384626,220.83408768680883,216.5205350264263,144.75837505688975,707.826126320325,1422.1395973575181,430.60274219019067,1506.5073884361211,478.74686308695203,507.21326234430217,238.61113874760926,714.8208083708131,657.8559960090901,1024.9861196804445,183.67474315514383,114.14813519323577,76.99628203118574,789.579830991531,213.79421016327592,44.12596913712586,1147.0309155600694,681.5843354868157,528.9499564996473,356.0654631738415,364.41832234680237,413.1709362013828,290.7152509894233,249.4125419357079,97.87036702788322,86.14000962502124,165.82016681377584,225.07963729303984,102.98870348466315,62.31446951736682,248.3708053892993,2.550849317594315
S38,516.9307508675395,375.1360871592578,218.6769217663415,293.097817199799,180.15422005019448,1635.1253270639384,549.1286291718264,521.2099856247079,341.6472352962628,314.0570050102694,848.7371636059504,1816.105088318344,508.2293231899299,1800.7674576201487,622.9280335563387,504.53236969776924,589.0520912859577,856.232247282784,890.3677261015181,1355.2043507685141,153.2905806638701,156.59031897897046,77.77390824181327,1658.3245509270025,145.8228399970179,100.23329384562645,2455.6131204974604,713.6273971422869,871.9957805388793,368.7805345559143,478.06220664670144,401.47593749601964,170.7680614792395,438.008030875764,171.81768566841035,131.29890272253365,151.9402994842377,210.80880618189428,203.80364061293832,87.60799263034714,425.5521190798356,4.2243963808602425
S39,648.5155019347152,384.1195504437463,287.75169527238035,170.64175459509482,131.04231635069033,1765.187591223022,637.9110002367473,310.0491735900225,327.11929324572816,442.8176219845042,983.9580167889412,1846.9333772902608,541.3340037125508,1376.0198639140272,491.26948934842176,599.7182905950743,496.5556165220838,777.3333467915347,615.5858046710953,1284.570563245644,277.00938131202736,115.38211650647025,70.3493889674824,996.5336425903846,249.46590229309183,80.85484241903646,1953.2762801703684,776.9247438418853,697.0774176210125,449.6980644724993,222.27626858685045,669.0845259578709,295.3410120122932,382.779359833806,138.2271626044142,102.92931141643882,184.8877358040525,250.02519295858417,190.63463839216968,106.66068838920387,218.71801695374197,3.9547910592077797
S40,282.7710562356902,162.9134149959572,71.51277240426194,110.62087736258174,31.743642912093303,753.1329744480507,165.47188425824245,202.84159663515695,157.7800476216111,199.0469680237112,398.9802574889606,709.1050074446412,235.6181460240477,866.1919784538924,238.25199491548543,270.016333486049,221.02934169702698,243.4005826893524,355.5360490225112,348.53160205780614,98.41097533562017,85.05186953423996,45.216124809669104,424.621425023958,101.4719680507314,50.456504888485995,972.2911149186734,250.82108508911867,324.8765608515843,169.92826097608145,204.7931000915528,202.28994065159387,124.99385998278753,99.25066939813968,86.98513043330765,62.3287135390235,79.43348423853664,78.67833168514561,100.10199734853292,43.56287097624283,133.86888584688185,1.4473215819590572
S41,678.0646309635208,463.32973404792165,310.33731314793187,429.68641398667796,183.70553453031013,2580.9652950397553,722.298060385373,722.9325580081183,539.0260768176211,650.2899301923585,1268.127601946083,1937.1547502677809,651.1012432273388,2117.4442676308313,553.98399592518,1086.505260613249,722.0421114449225,1794.5228741447595,738.719761792816,1920.9632407756087,227.3634099262903,256.4909351781832,108.00678576211678,999.4378896898615,372.3866444560124,175.82863531497614,2450.3673676422627,1052.0175544108106,1285.9060964544567,563.8354522092359,588.0149882842869,439.7052333718513,492.76788512828966,489.2976434575166,231.80069397614062,201.21441853738406,252.26138242107504,356.7001880290686,321.61623017868527,102.04650445453312,650.0536587250863,3.791401411084286
S42,7.991045381186671,7.673384580408905,4.0518863231245925,3.343781785895099,1.626124372951163,19.451942885002214,7.809158722118371,6.598170259548762,5.17846251857739,5.231480804703299,12.92289915282548,19.12040688095594,7.671638607868305,26.65092088059289,5.099893665772372,9.185460093793969,6.329345623724551,11.826165681594452,9.928544641737936,22.73583092620235,3.074399613164523,1.9958844156663962,1.1327739958096366,15.01249854266954,2.990483407471357,1.2869523624267254,23.10226224182645,11.20668283332506,8.574979275601482,4.856670293945504,5.4955526789116895,6.805213216244957,5.065909682658573,5.3586999695746576,3.7089511337341996,2.7122003008019218,2.1557604075699146,3.845784523943614,2.0857180516387697,1.118876285109309,4.466403865293122,0.03945718499984562
